archivo,titulo,fecha
Tennant_lost__30M_to_an_ERP_cutover.eml,,2026-07-24
Deere_s_CFO_on_the_demand_hiding_in_your_fleet.eml,,2026-07-31
The_fine_is_visible__The_lost_hours_are_not_.eml,,2026-08-07
Agents_need_permission_maps__not_just_prompt_reviews.eml,,2026-08-15
Supplier_dates_need_a_confidence_score.eml,,2026-08-21
The_workaround_nobody_kills.eml,,2026-08-28
Process_maps_aren_t_paperwork_anymore.eml,,2026-09-04
When_AI_answers_aren_t_enough.eml,,2026-09-11
Your_ERP_s_Chat_Box_Has_a_Trust_Problem.eml,,2026-09-18
